﻿Question	Answer	Source	Metadata	SuggestedQuestions	IsContextOnly	Prompts	QnaId
¿Hola? | hla | ola | hol?	¡Hola {name}!\n\nEstoy para ayudarte a aprender mejor sobre los siguientes productos:\n\n*   Microsoft Teams\n*   Microsoft Outlook\n*   Microsoft Planner\n*   Microsoft Sharepoint\n*   Microsoft OneDrive\n\nSimplemente escribí tu pregunta y voy a buscar la mejor respuesta para ayudarte en el aprendizaje.\n\nEspero serte útil!	ADOPTION_Saludos		[]	False	[]	1
¿Como andas? | cmo andas?	¡Hola {name}!\n\nEstoy para ayudarte a aprender mejor sobre los siguientes productos:\n\n*   Microsoft Teams\n*   Microsoft Outlook\n*   Microsoft Planner\n*   Microsoft Sharepoint\n*   Microsoft OneDrive\n\nSimplemente escribí tu pregunta y voy a buscar la mejor respuesta para ayudarte en el aprendizaje.\n\nEspero serte útil!	ADOPTION_Saludos		[]	False	[]	1
¿Como estas? | cmo estas?	¡Hola {name}!\n\nEstoy para ayudarte a aprender mejor sobre los siguientes productos:\n\n*   Microsoft Teams\n*   Microsoft Outlook\n*   Microsoft Planner\n*   Microsoft Sharepoint\n*   Microsoft OneDrive\n\nSimplemente escribí tu pregunta y voy a buscar la mejor respuesta para ayudarte en el aprendizaje.\n\nEspero serte útil!	ADOPTION_Saludos		[]	False	[]	1
¿Buen dia? | bn dia?	¡Hola {name}!\n\nEstoy para ayudarte a aprender mejor sobre los siguientes productos:\n\n*   Microsoft Teams\n*   Microsoft Outlook\n*   Microsoft Planner\n*   Microsoft Sharepoint\n*   Microsoft OneDrive\n\nSimplemente escribí tu pregunta y voy a buscar la mejor respuesta para ayudarte en el aprendizaje.\n\nEspero serte útil!	ADOPTION_Saludos		[]	False	[]	1
¿Buenas tardes? | noches?	¡Hola {name}!\n\nEstoy para ayudarte a aprender mejor sobre los siguientes productos:\n\n*   Microsoft Teams\n*   Microsoft Outlook\n*   Microsoft Planner\n*   Microsoft Sharepoint\n*   Microsoft OneDrive\n\nSimplemente escribí tu pregunta y voy a buscar la mejor respuesta para ayudarte en el aprendizaje.\n\nEspero serte útil!	ADOPTION_Saludos		[]	False	[]	1
¿Que tal? | q tal?	¡Hola {name}!\n\nEstoy para ayudarte a aprender mejor sobre los siguientes productos:\n\n*   Microsoft Teams\n*   Microsoft Outlook\n*   Microsoft Planner\n*   Microsoft Sharepoint\n*   Microsoft OneDrive\n\nSimplemente escribí tu pregunta y voy a buscar la mejor respuesta para ayudarte en el aprendizaje.\n\nEspero serte útil!	ADOPTION_Saludos		[]	False	[]	1
¿Buenas?	¡Hola {name}!\n\nEstoy para ayudarte a aprender mejor sobre los siguientes productos:\n\n*   Microsoft Teams\n*   Microsoft Outlook\n*   Microsoft Planner\n*   Microsoft Sharepoint\n*   Microsoft OneDrive\n\nSimplemente escribí tu pregunta y voy a buscar la mejor respuesta para ayudarte en el aprendizaje.\n\nEspero serte útil!	ADOPTION_Saludos		[]	False	[]	1
¿Chau? | adios | bye?	Espero haberte ayudado 😄\n\nNos vemos!	ADOPTION_Saludos		[]	False	[]	2
¿Nos vemos?	Espero haberte ayudado 😄\n\nNos vemos!	ADOPTION_Saludos		[]	False	[]	2
¿Hasta la proxima?	Espero haberte ayudado 😄\n\nNos vemos!	ADOPTION_Saludos		[]	False	[]	2
¿Muchas gracias? | gracias?	Espero haberte ayudado 😄\n\nNos vemos!	ADOPTION_Saludos		[]	False	[]	2
¿Te agradezco?	Espero haberte ayudado 😄\n\nNos vemos!	ADOPTION_Saludos		[]	False	[]	2
¿Hasta luego?	Espero haberte ayudado 😄\n\nNos vemos!	ADOPTION_Saludos		[]	False	[]	2
¿Para que sirve Microsoft Teams? | cual es la finalidad cuando usar teams caracteristicas herramienta MS teams What is Microsoft Teams for goal purpose	Microsoft Teams es una herramienta creada para poder **garantizar que un equipo de personas dispongan de todos los medios necesarios para trabajar de manera colaborativa y ordenada**, sin importar donde se encuentren.\n\nTeams dispone de muchas utilidades, entre las cuales se encuentran:\n\n· Usar el chat en lugar del correo electrónico.\n\n· Puedes crear múltiples equipos dentro de tu organización y dentro de ellos, generar canales para tratar temas específicos.\n\n· Hacer videollamadas, tanto 1 a 1 como grupales.\n\n· Programar reuniones futuras.\n\n·Editar archivos de forma segura al mismo tiempo.\n\n· ¡Y muchas cosas más!\n\nSi desea saber más sobre las características de Microsoft Teams, [haga clic aquí](https://support.microsoft.com/es-es/office/v%C3%ADdeo-%C2%BFqu%C3%A9-es-microsoft-teams-422bf3aa-9ae8-46f1-83a2-e65720e1a34d).	CHATBOT_ms_teams		[]	False	[]	1000
¿Como comienzo a utilizar Microsoft Teams? | como empiezo a usar como inicio con el uso iniciar sesion session loguearse abrir MS teams begin start	Para comenzar a usar Microsoft Teams siga estos pasos:\n\n1.  Inicie la aplicación:\n    *   En Windows: Haga clic en el icono de inicio, ubicado en la parte inferior izquierda del escritorio, luego haga clic en el icono de Microsoft Teams.\n    *   En Mac: Vaya a la carpeta de Aplicaciones de su ordenador y haga clic en Microsoft Teams.\n    *   En dispositivos móviles: Busque el icono de Teams en el cajón de aplicaciones.\n2.  Inicie sesión con su email y contraseña de Microsoft 365.\n\nSi desea saber más sobre cómo comenzar a usar Microsoft Teams, [haga clic aquí](https://support.microsoft.com/es-es/office/iniciar-sesi%C3%B3n-y-comenzar-a-usar-teams-6723dc43-dbc0-46e6-af49-8a2d1c5cb937).	CHATBOT_ms_teams		[]	False	[]	1001
¿Que sabes sobre Microsoft Teams? | ayuda ayudarme responderme soporte que puedes decirme podes conoces cual es tu conocimiento MS teams ¿Que sabes sobre Microsoft Teams? ¿Que sabes sobre Microsoft Teams?	Puedo ayudarte a conocer como usar **Microsoft Teams**. Prueba preguntarme cosas cómo:\n\n*   ¿Como comienzo a utilizar Microsoft Teams?\n*   ¿Como inicio una nueva conversacion en Microsoft Teams?\n*   ¿Como creo un equipo en Microsoft Teams?\n*   ¿Como inicio una llamada con alguien en Microsoft Teams?\n*   ¿Como programo una reunion en Microsoft Teams?\n*   ¿Como comparto mi pantalla en una reunion en Microsoft Teams?\n*   ¿Como veo todas mis reuniones programadas en Microsoft Teams?\n\nEsos son algunos ejemplos de acciones en las que puedo guiarte. Pero intenta preguntarme por lo que gustes, **aunque no figuren en esta lista**.	CHATBOT_ms_teams		[]	False	[]	1002
¿Como creo un equipo en Microsoft Teams? | crear equipo creacion de un equipo dar de alta un equipo MS teams Como creo equipos en Microsoft Teams	Un equipo es una colección de personas, conversaciones, archivos y herramientas que se encuentran en un mismo sitio. Un canal es un debate en un equipo, que está dedicado a un departamento, un proyecto o un tema.\n\nPara crear un equipo desde cero en Microsoft Teams, debes hacer lo siguiente:\n\n1.  Haga clic en el icono de **Equipos** situado en la parte izquierda de la aplicación de Teams.\n2.  Justo a la derecha de donde acaba de hacer clic, verá la lista de equipos. En la parte inferior de ella, encontrará el botón de **Unirse a un equipo o crear uno**, haga clic en el.\n3.  Luego, haga clic en la primera tarjeta de la esquina superior izquierda, que dice **Crear un equipo.**\n4.  En la ventana que se abre, seleccione **Crear un equipo desde cero.**\n5.  Seleccione el tipo de equipo, puede ser **público** (todos los miembros de la organización pueden unirse) o **privado** (las personas necesitan permiso para unirse)\n6.  Asigne un nombre al equipo y agregue una descripción (opcional).\n7.  Haga clic en el botón **Crear** ubicado en la parte inferior derecha de la ventana emergente.\n\nSi desea saber más sobre la creación de equipos, [haga clic aquí](https://support.microsoft.com/es-es/office/crear-un-equipo-desde-cero-174adf5f-846b-4780-b765-de1a0a737e2b).	CHATBOT_ms_teams		[]	False	[]	1003
¿Como agrego miembros a un equipo en Microsoft Teams? | agregar miembro agregar a alguien nuevo sumar adicionar invitar persona usuario compañero empleado grupo MS teams Como agrego miembro a un equipo en Microsoft Teams member	En Microsoft Teams, el propietario de un equipo, puede agregar miembros de la siguiente manera:\n\n1.  Haga clic en el icono de **Equipos** situado en la parte izquierda de la aplicación. A la derecha verá la lista de equipos.\n2.  Busque el equipo donde desea agregar el miembro.\n3.  Haga clic en el icono delos tres puntos, ubicado a la derecha del titulo,\n4.  En el menú que se abre**, elija Agregar miembro.**\n5.  En la **barra de búsqueda** que le aparece a continuación, escriba el nombre del usuario que desee. Al encontrarlo, haga clic en el. Puede repetir este paso con todos los miembros que desee agregar.\n6.  Haga clic en el botón **Cerrar** ubicado en la parte inferior derecha de la ventana emergente.\n\nLas personas que agregue a un equipo recibirán un correo electrónico para informarles de que ahora son miembros del mismo.\n\nSi desea saber más sobre agregar miembros a un equipo, [haga clic aquí](https://support.microsoft.com/es-es/office/agregar-miembros-a-un-equipo-en-teams-aff2249d-b456-4bc3-81e7-52327b6b38e9).	CHATBOT_ms_teams		[]	False	[]	1004
¿Como creo un canal en Microsoft Teams? | creacion de un canal como hago para crear un canal MS teams Como creo canales en Microsoft Teams channel	Un equipo es una colección de personas, conversaciones, archivos y herramientas que se encuentran en un mismo sitio. Un canal es un debate en un equipo, que está dedicado a un departamento, un proyecto o un tema.\n\nPara crear un canal en Microsoft Teams, siga estos pasos:\n\n1.  Haga clic en el icono de **Equipos** situado en la parte izquierda de la aplicación. Justo a la derecha de esa columna de iconos, verá la lista de equipos.\n2.  Pose el cursor sobre el titulo del equipo que le interese, a la derecha de ese titulo verá un botón conformado por tres puntos, haga clic en el.\n3.  En el menú que le abre, seleccione la opción **Agregar canal.**\n4.  Asigne un nombre al canal y agregue una descripción (opcional). Seleccione la privacidad, puede ser **Estándar** (accesible para todos los miembros del equipo) o **Privado** (accesible solo para las personas que especifique).\n5.  Haga clic en el botón **Agregar** ubicado en la parte inferior derecha de la ventana emergente.\n\nSi desea saber más sobre la creación de un canal, [haga clic aquí](https://support.microsoft.com/es-es/office/crear-un-canal-en-teams-fda0b75e-5b90-4fb8-8857-7e102b014525).	CHATBOT_ms_teams		[]	False	[]	1005
¿Como inicio una nueva conversacion en Microsoft Teams? | crear una nueva conversacion hacer una nueva conversacion comenzar a chatear con alguien MS teams Como inicio nuevas conversaciones en Microsoft Teams new chat como hago un chat Como inicio una conversacion con una persona Como chateo con una persona Como chateo con un contacto 	Para iniciar una nueva conversación en Microsoft Teams, siga estos pasos:\n\n1.  Haga clic en el icono de **Chat** situado en la barra lateral izquierda de la aplicación.\n2.  A la derecha de esa columna de iconos, verá nuevamente la palabra **Chat** y en el extremo opuesto, un boton similar a una hoja con un lapiz sobre ella, haga clic en el.\n3.  Luego aparecerá una barra de búsqueda. Escriba en ella el nombre del destinatario y cuando lo encuentre, haga clic sobre el.\n4.  En la parte inferior central de la aplicación verá un cuadro en el cual podrá escribir lo que desee enviarle al contacto seleccionado.\n5.  Luego de escribir el mensaje, en la parte inferior derecha del cuadro de texto, tendrá un botón para enviarlo, o bien puede presionar la tecla Enter.\n\nSi desea saber más sobre iniciar una nueva conversación, [haga clic aquí](https://support.microsoft.com/es-es/office/iniciar-un-chat-en-teams-0c71b32b-c050-4930-a887-5afbe742b3d8).	CHATBOT_ms_teams		[]	False	[]	1006
¿Como inicio una llamada con alguien en Microsoft Teams? | crear una llamada con contacto generar una llamada con contacto comenzar una llamada con alguien MS teams Como inicio llamadas con alguien en Microsoft Teams call new call meeting new meeting meet	Para iniciar una llamada con alguien en Microsoft Teams, debe hacer lo siguiente:\n\n1.  Haga clic en el icono de **Chat** situado en la barra lateral izquierda de la aplicación. Justo a la derecha de esa columna de iconos, verá el título **Chat,** con la lista de conversaciones que tiene hasta el momento, seleccione la que desee para hacer la llamada.\n2.  En la parte superior central de la aplicación, verá el nombre de la persona con la cual tiene ese chat, en el extremo opuesto a ese nombre, verá algunos iconos, entre los cuales hay uno de una **cámara,** y otro de un **teléfono,** haga clic en el que corresponda, según si desea tener una llamada con video y audio. O una con solo audio.\n\nSi desea saber más sobre iniciar una nueva llamada, [haga clic aquí](https://support.microsoft.com/es-es/office/iniciar-una-llamada-desde-una-conversaci%C3%B3n-en-teams-f5138c9d-df4c-43d8-9cf6-53400c1a7798).	CHATBOT_ms_teams		[]	False	[]	1007
¿Como programo una reunion en Microsoft Teams? | como agendo una cita para mas adelante agendar reunion agendar cita MS teams Como programo reuniones en Microsoft Teams schedule schedulear meet	Para programar una reunión en Microsoft Teams, puede hacerlo de la siguiente manera:\n\n1.  Haga clic en el icono de **Calendario** situado en la barra lateral izquierda de la aplicación.\n2.  Luego, haga clic en el botón situado en la parte superior derecha de la aplicación que dice **Nueva reunión.**\n3.  A continuación tendrá un formulario para crear su evento, en el cual deberá escribir un título para el mismo, agregar a las personas que asistirán al mismo, seleccionar el momento de inicio y fin. Y otras configuraciones que son muy claras.\n4.  Luego de completar todos los campos requeridos, haga clic en el botón **Guardar** que se encuentra en la parte superior derecha de la ventana actual.\n\nSi desea saber más sobre como programar una reunión, [haga clic aquí](https://support.microsoft.com/es-es/office/programar-una-reuni%C3%B3n-en-teams-943507a9-8583-4c58-b5d2-8ec8265e04e5#bkmk_scheduleameeting).	CHATBOT_ms_teams		[]	False	[]	1008
¿Como comparto mi pantalla en una reunion en Microsoft Teams? | como mostrar pantalla compartir pestaña MS teams share sharear share screen share tab sharing	Para compartir el contenido de su pantalla dentro de una reunión en Microsoft Teams, debe hacer lo siguiente:\n\n1.  Cuando se encuentre en la reunión, en la parte superior derecha de la ventana, verá un **icono de un rectángulo con una flecha adentro**. Haga clic en el.\n2.  Debajo de ese botón aparecerán las opciones para compartir, en las cuales podrá elegir si desea mostrar toda su pantalla, una ventana puntual, entre otras opciones. Seleccione la que se ajuste a lo que necesite.\n3.  Una vez hecho eso, su selección estará siendo mostrada al resto de los participantes.\n\nPara dejar de compartir, basta con tocar el mismo botón que en el paso 1, que ahora se mostrará como un rectángulo con una ‘x’ adentro.\n\nSi desea saber más sobre cómo compartir su pantalla en una reunión, [haga clic aquí](https://support.microsoft.com/es-es/office/mostrar-la-pantalla-durante-una-reuni%C3%B3n-90c84e5a-b6fe-4ed4-9687-5923d230d3a7).	CHATBOT_ms_teams		[]	False	[]	1009
¿Como veo todas mis reuniones programadas en Microsoft Teams? | ver agenda meetings futuras proximas reuniones MS teams Como veo toda mi reunion programada en Microsoft Teams	Para ver sus reuniones programadas en Microsoft Teams, puede hacerlo de la siguiente manera:\n\n1.  Haga clic en el icono de **Calendario** situado en la barra lateral izquierda de la aplicación.\n2.  Al hacer esto, Teams mostrará un calendario con todas sus citas ya agendadas, pudiendo verlas día por día, y con la posibilidad de moverse cronológicamente hasta dónde desee.\n\nSi desea saber más sobre como ver sus reuniones programadas, [haga clic aquí](https://support.microsoft.com/es-es/office/ver-todas-las-reuniones-en-teams-cebd0b41-5cab-42bd-a6dc-bca46bda7b35).	CHATBOT_ms_teams		[]	False	[]	1010
¿Desde donde puedo ver si me mencionan en algun chat en Microsoft Teams? | como veo si hablan de mi encontrar donde MS teams tag taggean tagging	Para ver facilmente las menciones que hacen sobre usted en Microsoft Teams, haga lo siguiente:\n\n1.  Haga clic en el icono de **Actividad** situado en la barra lateral izquierda de la aplicación.\n2.  A la derecha de donde acaba de hacer clic, verá el titulo **Fuente,** debajo de el, encontrará una lista de todas las interacciones que los usuarios hayan tenido hacia usted o sus mensajes. Particularmente la que debe interesarle para conocer dónde lo han mencionado. Son las que comiencen con un icono de arroba ‘@’.\n\nSi desea saber más sobre la fuente de actividades, [haga clic aquí](#).	CHATBOT_ms_teams		[]	False	[]	1011
¿Como busco un mensaje en Microsoft Teams? | encontrar un mensaje en particular msg msj MS teams Como busco mensajes en Microsoft Teams search searching fund finding chat	Una manera sencilla de buscar mensajes en Microsoft Teams es la siguiente:\n\n1.  Diríjase al contexto en concreto dónde se quiere buscar, puede ser un chat individual, un canal de un equipo, o cualquier otro lugar.\n2.  Una vez que se encuentre dentro del chat donde se quiere buscar un mensaje, presione **Ctrl + f (cmd + f en MacOS),** la aplicación hará foco en la barra de búsqueda que se encuentra en la parte superior de la aplicación.\n3.  Escriba lo que desee buscar y presione la tecla **Enter.**\n4.  Todos los resultados compatibles con el criterio de su búsqueda, aparecerán en el lateral izquierdo de la aplicación. Puede cliquear en cualquiera de ellos, y el chat se desplazará hasta ese punto.\n\nSi desea saber más sobre la búsqueda de mensajes, [haga clic aquí](https://support.microsoft.com/es-es/office/buscar-mensajes-y-m%C3%A1s-en-teams-4a351520-33f4-42ab-a5ee-5fc0ab88b263).	CHATBOT_ms_teams		[]	False	[]	1012
¿Como adjunto un archivo a un chat en Microsoft Teams? | agregar adjuntar documento sumar un file a la conversacion MS teams Como adjunto archivos en Microsoft Teams attach attachment atachar attachar share sharing	Para compartir un archivo en un chat de Microsoft Teams, puede hacerlo de la siguiente manera:\n\n1.  Una vez dentro del chat en el cual quiera compartir el archivo, haga clic en el icono de **clip** que se encuentra en la parte inferior centrar del chat (el tercero comenzando de la izquierda).\n2.  Luego, le abrirá un pequeño menú, en el cual podrá elegir adjuntar un archivo de OneDrive, o bien subirlo desde su equipo. Supongamos que lo adjuntamos desde el equipo.\n3.  Nos abrirá una ventana para navegar nuestro disco, seleccione el archivo que desea adjuntar.\n4.  Una vez hecho eso, veremos que aparece en el cuadro inferior central. Escribir algo junto con el archivo agregado es opcional. Puede enviarlo presionando el botón que se encuentra abajo a la derecha del bloque para escribir el mensaje o bien presionando la tecla Enter.\n\nSi desea saber más sobre compartir archivos, [haga clic aquí](https://support.microsoft.com/es-es/office/primeros-aspectos-que-debe-saber-sobre-los-archivos-4c1b6c25-3794-49f9-93aa-bf6fdc211299).	CHATBOT_ms_teams		[]	False	[]	1013
¿Como silencio en Microsoft Teams las notificaciones de un chat? | Silenciar callar mute mutear desactivar MS teams Como silencio en Microsoft Teams la notificacion	Para silenciar un chat en Microsoft Teams, complete los siguientes pasos:\n\n1.  Haga clic en el icono de **Chat** situado en la barra lateral izquierda de la aplicación.\n2.  A la derecha de esa columna de iconos, verá el título **Chat,** con la lista de conversaciones que tiene hasta el momento, al posarse sobre alguna, verá que a la derecha de ese bloque aparece un icono con tres puntos, presiónelo.\n3.  En el menú que se le despliega, seleccione la opción **Silenciar.**\n\nPara volver a activar las notificaciones de un chat silenciado, deberá repetir estos pasos, solo que en el menú desplegable del paso 2, deberá elegir **Activar audio.**\n\nSi desea saber más sobre la administración de notificaciones, [haga clic aquí](https://support.microsoft.com/es-es/office/administrar-las-notificaciones-en-teams-1cc31834-5fe5-412b-8edb-43fecc78413d#bkmk_offspecifconvo).	CHATBOT_ms_teams		[]	False	[]	1014
¿Como cambio en Microsoft Teams el fondo de mi video en una reunion? | alterar el background modificar el fondo MS teams Como cambio en Microsoft Teams los fondos de mi video en reuniones back	Para alterar el fondo de su video dentro de una reunión de Microsoft Teams, siga estos pasos:\n\n1.  En la parte superior de la ventana de la videollamada, verá una barra de iconos, uno de ellos consta de **tres puntos,** haga clic en el.\n2.  Luego se le desplegará un menú con varias opciones, seleccione la que dice **Aplicar efectos de fondo.**\n3.  Verá que apareció una barra lateral, en la cual hay varios cuadros con distintas opciones de fondo, el primero de ellos, es el de “no aplicar ningún fondo”, el segundo es el de “desenfocar su propio fondo”. Todo el resto son diseños que puede seleccionar para alterar el escenario. Haga clic en el que prefiera.\n4.  Una vez hecho eso, puede hacer clic en el botón **Versión preliminar** para ver como quedaría ese fondo aplicado. Cuando esté a gusto con el resultado, haga clic en el botón **Aplicar y activar video** que está al final de esa barra lateral.\n\nSi desea saber más sobre cambiar el fondo de su video, [haga clic aquí](https://support.microsoft.com/es-es/office/cambiar-el-fondo-de-una-reuni%C3%B3n-de-teams-f77a2381-443a-499d-825e-509a140f4780).	CHATBOT_ms_teams		[]	False	[]	1015
¿Como cargar un archivo en una biblioteca de Sharepoint? | subir documento?	1.  Abra su navegador y diríjase a la biblioteca de sitio de OneDrive o SharePoint en la que desea cargar el documento.\n2.  En su equipo, seleccione Inicio a continuación, escriba Explorador de archivos.\n3.  Vaya a la carpeta con los documentos que desea cargar.\n4.  Arrastre los archivos hasta el espacio en la biblioteca de SharePoint donde aparece ‘Arrastrar archivos aqui’. La biblioteca debe mostrar ‘Arrastrar aqui’ cuando coloca el archivo sobre ella.\n5.  Suelte el archivo sobre la ventana de la biblioteca de documentos y espere a que termine el proceso de carga del archivo.\n6.  Debería ver que los archivos aparecen en la biblioteca de documentos.\n\nPara mayor información puede revisar [este](https://support.microsoft.com/es-es/office/cargar-archivos-y-carpetas-a-una-biblioteca-da549fb1-1fcb-4167-87d0-4693e93cb7a0) enlace	CHATBOT_sharepoint		[]	False	[]	2000
¿Para que sirve Microsoft Planner? | cual es la finalidad cuando usar planner caracteristicas herramienta MS Planner Planer	Microsoft Planner es una herramienta colaborativa diseñada para poder registrar y dar seguimiento a un proyecto de manera ordenada. Algunas características de Planner son:\n\n*   **Crear planes, asignar tareas** y compartir archivos con otros usuarios.\n*   **Organizar el trabajo en equipo** y colaborar en proyectos de forma sencilla y visual.\n*   Chatear con otros usuarios para garantizar que todos estén al día de las últimas novedades.\n*   Realice un **seguimiento del progreso de su equipo** y manténgase al día de su trabajo desde cualquier lugar y con cualquier dispositivo.\n\nSi desea saber más sobre las características de Microsoft Planner, [haga clic aquí](https://support.microsoft.com/es-es/office/iniciar-sesi%C3%B3n-en-microsoft-planner-fe43c972-5a95-4071-86d4-423a64a3b21e).	CHATBOT_planner		[]	False	[]	3000
¿Como comienzo a utilizar Microsoft Planner? | como empiezo a usar como inicio con el uso iniciar sesion session loguearse abrir MS Planner Planer	Para comenzar a usar Microsoft Planner siga estos pasos:\n\n1.  Ingrese a [https://tasks.office.com/es-US/](https://tasks.office.com/es-US/)\n2.  Haga clic en el botón verde que dice **Iniciar Sesión.**\n3.  Inicie sesión con su email y contraseña de Microsoft 365.\n\nSi desea saber más sobre cómo comenzar a usar Microsoft Planner, [haga clic aquí](https://support.microsoft.com/es-es/office/iniciar-sesi%C3%B3n-en-microsoft-planner-fe43c972-5a95-4071-86d4-423a64a3b21e).	CHATBOT_planner		[]	False	[]	3001
¿Que sabes sobre Microsoft Planner? | ayuda ayudarme responderme soporte que puedes decirme podes conoces cual es tu conocimiento ¿Que sabes sobre Microsoft Planner? ¿Que sabes sobre Microsoft Planner? ¿Que sabes sobre Microsoft Planner? MS Planner Planer sobre planner sobre microsoft planner sobre microsoft planer decirme de planner decirme de planer	Puedo ayudarte a conocer como usar Microsoft Planner. Prueba preguntarme cosas cómo: \n\n*   ¿Como comienzo a utilizar Microsoft Planner? \n*   ¿Como crear un plan en Microsoft Planner? \n*   ¿Como agregar tareas a una plan en Microsoft Planner? \n*   ¿Como actualizar el progreso de una tarea en Microsoft Planner? \n*   ¿Como hago un comentario en una tarea de Microsoft Planner? \n*   ¿Como asignar una tarea a una persona en Microsoft Planner? \n*   ¿Como eliminar una tarea en Microsoft Planner? \n\nEsos son algunos ejemplos de acciones en las que puedo guiarte. Pero intenta preguntarme por lo que gustes, **aunque no figuren en esta lista**.	CHATBOT_planner		[]	False	[]	3002
¿Como crear un plan en Microsoft Planner? | nuevo creacion arrancar nuevo proyecto task Como crear planes en Microsoft Planner MS Planner Planer ¿Como crear un plan en Microsoft Planner? ¿Como crear un plan en Microsoft Planner?	Para crear un plan en Microsoft Planner, debe hacer lo siguiente:\n\n1.  En la parte superior izquierda de la [página web de Planner](https://tasks.office.com/es-US/) verá el botón **+ Nuevo Plan,** haga clic en el.\n2.  Se abrirá una ventana de creación del plan, **ingrese el nombre que desea darle**.\n3.  Luego seleccione si ese plan será **público o privado.**\n4.  Para finalizar, haga clic en el botón **Crear Plan.**\n\nSi desea saber más sobre cómo crear un plan, [haga clic aquí](https://support.microsoft.com/es-es/office/crear-un-plan-con-planner-cbbf3772-4fdd-4f49-aa92-dc2203c062d7).	CHATBOT_planner		[]	False	[]	3003
¿Como agregar tareas a una plan en Microsoft Planner? | nueva task crear Como agregar tarea a Microsoft Planner Como crear tarea en Microsoft Planner Como crear tareas en Microsoft Planner MS Planner Planer ¿Como agregar tareas a una plan en Microsoft Planner? ¿Como agregar tareas a una plan en Microsoft Planner? card new card	Una vez dentro de un plan de Microsoft Planner, verá columnas cada una con un título. Esas columnas se denominan **depósitos o cubos**. Si nunca creó un depósito, existirá por defecto uno denominado **Pendientes.** Si desea agregar una tarea haga lo siguiente:\n\n1.  Haga clic en el botón **+Agregar tarea,** que se encuentra debajo del titulo del depósito en el que sea crearla.\n2.  Se generará una pequeña tarjeta en la que deberá **ingresar el nombre** que quiere darle a la tarea.\n3.  Una vez hecho eso, haga clic en el botón **Agregar tarea** que está al final de la tarjeta.\n\nSi desea saber más sobre cómo agregar una tarea a un plan, [haga clic aquí](https://support.microsoft.com/es-hn/office/administrar-tareas-en-planner-ee61ecb0-a0bb-4c39-8682-f47fe7674f05).	CHATBOT_planner		[]	False	[]	3004
¿Como agregar fechas de inicio y de vencimiento a las tareas en Microsoft Planner? | agrego comienzo y fin finalizacion Como agregar fecha de inicio y fin a la tarea en Microsoft Planner Como configurar fecha de inicio y fin para las tareas en Microsoft Planner task MS Planner Planer start date due date	Para agregar fechas de inicio y vencimiento a las tareas de Microsoft Planner, haga lo siguiente:\n\n1.  Haga clic sobre la tarea a la que desea configurarle las fechas.\n2.  Se abrirá una ventana con los detalles de la tarea, entre ellos verá un desplegable titulado **Fecha de inicio,** haga clic en el.\n3.  Verá un calendario, en el cual deberá seleccionar la fecha que desee.\n4.  A la derecha del desplegable que acaba de configurar, verá otro con el titulo **Fecha de vencimiento,** haga clic en el.\n5.  Se abrirá un calendario, en el cual deberá seleccionar la fecha que desee.\n6.  Para finalizar, haga clic en el icono de la **‘X’,** ubicado en el borde superior derecho de la ventana de configuración que estuvo completando.\n\nSi desea saber más sobre cómo agregar fechas de inicio y vencimiento a las tareas, [haga clic aquí](https://support.microsoft.com/es-hn/office/administrar-tareas-en-planner-ee61ecb0-a0bb-4c39-8682-f47fe7674f05).	CHATBOT_planner		[]	False	[]	3005
¿Como ordenar las tareas en Microsoft Planner? | etapas fases estados avance todo to-do doing test testing done comenzada finalizada Como ordenar la tarea en Microsoft Planner Como crear un deposito en Microsoft Planner Como crear depositos en Microsoft Planner Como crear un cubo en Microsoft Planner Como crear cubos en Microsoft Planner task MS Planner Planer	Después de agregar tareas en Microsoft Planner, puede ordenarlas en **depósitos o cubos** para ayudarle a dividir los elementos de una manera que tenga cierto sentido. Básicamente los depósitos, son las columnas en las cuales ve agrupadas sus tareas.\n\nPara crear un depósito nuevo, haga lo siguiente:\n\n1.  A la derecha de su último depósito (columna), verá el título de **Agregar depósito nuevo,** haga clic sobre el.\n2.  Ese título se transformará en un pequeño cuadro en el que deberá escribir el nombre del depósito.\n3.  Una vez hecho eso, presione la tecla **Enter.**\n\nSi desea saber más sobre cómo ordenar las tareas, [haga clic aquí](https://support.microsoft.com/es-es/office/crear-cubos-para-ordenar-las-tareas-238af119-3c2b-4cbb-a124-29da99488139).	CHATBOT_planner		[]	False	[]	3006
¿Como agrupar las tareas por progreso en Microsoft Planner? | not started in progress completed estado Como agrupar tarea por progreso en Microsoft Planner Como cambiar la agrupacion de las tareas en Microsoft Planner Como cambio la agrupacion de la tarea en Microsoft Planner  task MS Planner Planer	Para agrupar las tareas por progreso en Microsoft Planner, haga lo siguiente:\n\n1.  Una vez dentro de su plan, en la esquina superior derecha de la pagina verá un desplegable que dice **Agrupar por Depósito**, haga clic sobre el.\n2.  Se desplegará una serie de opciones, seleccione **Progreso.**\n\nSi desea saber más sobre cómo agrupar las tareas por progreso, [haga clic aquí](https://support.microsoft.com/es-es/office/organizar-las-tareas-de-su-equipo-en-microsoft-planner-c931a8a8-0cbb-4410-b66e-ae13233135fb).	CHATBOT_planner		[]	False	[]	3007
¿Como actualizar el progreso de una tarea en Microsoft Planner? | not started in progress completed cambiar estado Como actualizar los progresos de una tarea en Microsoft Planner task MS Planner Planer update updatear	En Microsoft Planner existen tres estados de progreso para las tareas, **No iniciado, En curso y Completado.** Para actualizar el progreso de una tarea siga estos pasos:\n\n1.  Haga clic sobre la tarea en la que desea configurar el progreso.\n2.  Se abrirá una ventana con los detalles de la tarea, entre ellos verá un desplegable titulado **Progreso,** haga clic en el.\n3.  Seleccione el estado de progreso que quiera asignarle a esa tarea.\n4.  Para finalizar, haga clic en el icono de la **‘X’,** ubicado en el borde superior derecho de la ventana de configuración que estuvo completando.\n\nSi desea saber más sobre cómo actualizar el progreso de una tarea, [haga clic aquí](https://support.microsoft.com/es-es/office/establecer-y-actualizar-el-progreso-de-las-tareas-3877e3f3-4650-4714-aabf-79702ab25ec1).	CHATBOT_planner		[]	False	[]	3008
¿Como hago un comentario en una tarea de Microsoft Planner? | comentar escribir una nota comment correccion anotar Como hago comentarios en las tareas de Microsoft Planner task MS Planner Planer	Para hacer un comentario en una tarea de Microsoft Planner, siga estos pasos:\n\n1.  Haga clic sobre la tarea en la que desea dejar un comentario.\n2.  Se abrirá una ventana con los detalles de la tarea, al final de la misma, verá un cuadro de texto en el que deberá escribir el comentario que desee.\n3.  Una vez hecho eso, presione el botón **Enviar,** que se encuentra abajo a la derecha del cuadro donde escribió.\n\nSi desea saber más sobre hacer comentarios en una tarea, [haga clic aquí](https://support.microsoft.com/es-es/office/comentar-las-tareas-en-microsoft-planner-fd4aedde-7785-4cd0-96ee-122fbc9140e1).	CHATBOT_planner		[]	False	[]	3009
¿Como agregar personas a un plan en Microsoft Planner? | sumar gente dar permiso para participar participacion permitir acceso Como agrego persona a un plan de Microsoft Planner Como agrego a alguien a un plan MS Planner Planer add people	Para agregar personas a un plan en Microsoft Planner, haga lo siguiente:\n\n1.  Una vez dentro de su plan, en la esquina superior derecha de la pagina verá un desplegable que dice **Miembros**, haga clic sobre el.\n2.  Aparecerá un campo en el cual deberá escribir el nombre de la persona que desea agregar.\n3.  Una vez que el nombre de esa persona aparezca entre los resultados de la búsqueda, haga clic en el.\n\nSi desea saber más sobre agregar personas a un plan, [haga clic aquí](https://support.microsoft.com/es-es/office/agregar-personas-a-su-plan-2043b926-3bbb-4767-a7db-d3321f4ac765).	CHATBOT_planner		[]	False	[]	3010
¿Como quitar personas de un plan en Microsoft Planner? | restar gente remover permiso para participar participacion restringir acceso Como quitar persona de un plan en Microsoft Planner Como eliminar a alguien de un plan en Microsoft Planner MS Planner Planer remove delete	Para quitar personas de un plan en Microsoft Planner, haga lo siguiente:\n\n1.  Una vez dentro de su plan, en la esquina superior derecha de la pagina verá un desplegable que dice **Miembros**, haga clic sobre el.\n2.  Aparecerá una lista con los nombres de las personas agregadas a ese plan, pose el ratón sobre la que desee eliminar.\n3.  A la derecha del nombre habrá aparecido un icono compuesto por **tres puntos,** haga clic en el.\n4.  En el menú que se despliega, haga clic sobre **Quitar.**\n\nSi desea saber más sobre quitar personas de un plan, [haga clic aquí](https://support.microsoft.com/es-es/office/agregar-personas-a-su-plan-2043b926-3bbb-4767-a7db-d3321f4ac765).	CHATBOT_planner		[]	False	[]	3011
¿Como asignar una tarea a una persona en Microsoft Planner? | agregar dar darle asignarle otorgarle Como asignar personas a una tarea en Microsoft Planner task Como dar una tarea a una persona en Microsoft Planner MS Planner Planer	Para asignar una tarea a una persona en Microsoft Planner, haga lo siguiente:\n\n1.  Haga clic sobre la tarea que desea asignar a alguien.\n2.  Se abrirá una ventana con los detalles de la tarea, en la parte superior de la misma verá **icono con el contorno de una persona y un signo ‘+’,** haga clic en el.\n3.  Se abrirá un menú con un listado de las personas que son miembro del plan, **haga clic sobre el que desee asignarle la tarea.**\n4.  Para finalizar, haga clic en el icono de la **‘X’,** ubicado en el borde superior derecho de la ventana de configuración de la tarea.\n\nSi desea saber más sobre asignar tareas a una persona, [haga clic aquí](https://support.microsoft.com/es-es/office/agregar-personas-a-su-plan-2043b926-3bbb-4767-a7db-d3321f4ac765).	CHATBOT_planner		[]	False	[]	3012
¿Como exportar un plan de Microsoft Planner a Excel? | export descargar bajar convertir Como exportar planes de Microsoft Planner Como exportar plan de Microsoft Planner MS Planner Planer	Para exportar un plan de Microsoft Planner a Excel, haga lo siguiente:\n\n1.  Una vez dentro de su plan, en la esquina superior izquierda de la pagina verá el titulo de este y junto a el una serie de opciones. Haga clic en el **icono de tres puntos.**\n2.  Se desplegará un menú, en el cual tendrá que elegir la opción **Exportar plan a Excel.**\n\nSi desea saber más sobre exportar su plan a Excel, [haga clic aquí](https://support.microsoft.com/es-es/office/exportar-un-plan-a-excel-4d850c6e-e548-4aab-83b4-b62b68662d2a).	CHATBOT_planner		[]	False	[]	3013
¿Como eliminar un plan de Microsoft Planner? | borrar terminar quitar delete Como eliminar planes de Microsoft Planner MS Planner Planer	Para eliminar un plan de Microsoft Planner, haga lo siguiente:\n\n1.  Una vez dentro de su plan, en la esquina superior izquierda de la pagina verá el titulo de este y junto a el una serie de opciones. Haga clic en el **icono de tres puntos.**\n2.  Se abrirá un menú, en el cual tendrá que elegir la opción **Configuración del plan.**\n3.  A la derecha de la página se desplegará una columna con la configuración del plan. Haga clic en **Eliminar este plan,** el cual se encuentra al final de dicha columna.\n4.  Se abrirá una ventana de confirmación, **tilde la casilla** que dice que entiende que este plan y sus tareas se eliminarán de forma permanente.\n5.  Luego haga clic en el botón **Eliminar.**\n\nSi desea saber más sobre eliminar un plan, [haga clic aquí](https://support.microsoft.com/es-es/office/eliminar-una-tarea-o-un-plan-39e10e78-13f0-446d-94cd-9e562648497a).	CHATBOT_planner		[]	False	[]	3014
¿Como eliminar una tarea en Microsoft Planner? | borrar terminar quitar delete Como eliminar tareas de Microsoft Planner task MS Planner Planer	Para eliminar una tarea en Microsoft Planner, siga estos pasos:\n\n1.  Una vez dentro de su plan, **pose el puntero del ratón** sobre la tarea que desea eliminar.\n2.  En la esquina superior derecha de la tarea verá un **icono de tres puntos,** haga clic en el.\n3.  En el menú que se despliega, seleccione la opción **Eliminar.**\n\nSi desea saber más sobre eliminar una tarea, [haga clic aquí](https://support.microsoft.com/es-es/office/eliminar-una-tarea-o-un-plan-39e10e78-13f0-446d-94cd-9e562648497a).	CHATBOT_planner		[]	False	[]	3015
¿Como iniciar sesión en Outlook en la Web? | navegador login abrir?	1.  Diríjase a su navegador e ingrese al siguiente link: [https://outlook.live.com](https://outlook.live.com/owa/).\n2.  Escriba la dirección de correo electrónico y la contraseña de la cuenta.\n3.  Seleccione Iniciar sesión.\n\nPara mayor información puede revisar [este](https://support.microsoft.com/es-es/office/c%C3%B3mo-iniciar-sesi%C3%B3n-en-outlook-en-la-web-763fab4d-0138-4814-b450-37fc286bcb79) enlace.	CHATBOT_outlook		[]	False	[]	4000
¿Como enviar un mensaje de correo en Outlook? | redactar un correo, enviar un correo electronico.	Para crear un nuevo mensaje de correo electrónico siga los siguientes pasos:\n\n1.  Haga clic en **Nuevo Mensaje** de correo electrónico que se encuentra en la base superior izquierda (Nuevo Elemento) o presione **Ctrl + U**.\n2.  En el cuadro **Asunto**, escriba el asunto del mensaje.\n3.  Escriba los **Nombres** o las **Direcciones** de correo de los destinatarios en los cuadros **Para**, **CC**. Separe con punto y coma cuando escriba más de un destinatario.\n4.  **Redacte** su mensaje electrónico.\n5.  Puede **Adjuntar** documentos o imagines antes de enviar su correo electrónico, para mas información de esto consulte. **¿Como poder agregar datos adjuntos a un mensaje de correo electrónico?**\n6.  Una vez terminado de redactar su correo electrónico dar clic en **Enviar**.\n\nPara obtener más información, consulte\n\n[Crear un mensaje de correo electrónico](https://support.microsoft.com/es-es/office/enviar-un-mensaje-de-correo-147208af-ca8e-4cdf-b71f-77ba81a54069)\n\n.	CHATBOT_outlook		[]	False	[]	4001
¿Para que nos puede servir Microsoft Outlook? | para que utilizar, que es.	**Microsoft Outlook** es una herramienta para poder **enviar** y **recibir** correo electrónico, además de poder tener una agenda que nos permita organizarnos en nuestro día a día en las labores, además de muchas funciones como programar reuniones, contactos, etc. etc.\n\n*   **Microsoft Outlook** nos sirve para poder enviar y recibir correos electrónicos.\n*   Puede **Administrar** fácilmente sus mensajes de correo electrónico.\n*   **Administrar** fácilmente grandes volúmenes de correo electrónico y personalizar tareas comunes en comandos de un solo **clic**.\n*   **Búsquedas** para encontrar fácilmente lo que requiere.\n\n**Para obtener más información, consulte**\n\n[Qué es Outlook y para que nos sirve](https://support.microsoft.com/es-es/office/%C2%BFqu%C3%A9-es-outlook-10f1fa35-f33a-4cb7-838c-a7f3e6228b20)	CHATBOT_outlook		[]	False	[]	4002
¿Que puedo hacer en Microsoft Outlook? | de que manera usar, como usar, para que se puede usar.	Para consultar que se puede hacer dentro de la herramienta de **Microsoft Outlook** consulte nuestras siguientes guías rápidas disponibles.\n\n*   ¿Como **enviar** un mensaje de correo en Outlook?\n*   ¿Como **crear** una firma de correo electrónico en Outlook?\n*   ¿Como **agregar** una Firma a un correo electrónico de Outlook?\n*   ¿Como **crear** una cita de calendario de Outlook?\n*   ¿Cómo **guardar** datos adjuntos que vienen dentro del correo electrónico?\n\n**Para obtener más información, consulte**\n\n[Para que nos sirve Microsoft Outlook](https://support.microsoft.com/es-es/office/%C2%BFqu%C3%A9-es-outlook-10f1fa35-f33a-4cb7-838c-a7f3e6228b20)	CHATBOT_outlook		[]	False	[]	4003
¿Como poder crear una firma de correo electronico en Outlook? | realizar una firma, adjuntar una firma.	**Crear una firma dentro de Microsoft Outlook.**\n\n1.  En un mensaje de correo electrónico en la parte superior central del panel de opciones, elija **Firma** >**Firmas**. La cual se encuentra en la parte superior de la ventana del nuevo **mensaje** de correo electrónico.\n2.  En la **pestaña** Firma de correo electrónico, elija Nuevo.\n3.  Escriba un nombre que tendrá como identificador de esta firma en su correo y, a continuación, elija **Aceptar**.\n4.  A continuación, podemos ingresar nuestros datos de contacto a si como logotipos o avíos de privacidad que nuestra compañía nos proporcione.\n\nEn Elegir firma predeterminada, haga lo **siguiente**:\n\n*   En la lista Cuenta de correo electrónico, **elija** la cuenta de correo electrónico para asociarla con la firma.\n*   En la lista Mensajes nuevos, **elija** la firma que desee agregar automáticamente a todos los nuevos mensajes de correo. Si no desea firmar automáticamente los mensajes de correo electrónico, puede ignorar esta opción ya que (ninguna) es el valor predeterminado.\n*   En la lista **Respuestas** o **reenvíos**, elija la firma que desee agregar automáticamente al responder o reenviar mensajes. En caso contrario, acepte la opción predeterminada (ninguna).\n*   En **Editar** firma, escriba la firma y, a continuación, elija **Aceptar**.\n\n**Para obtener más información, consulte**\n\n[Crear y agregar una firma de mensaje de correo electrónico](https://support.microsoft.com/es-es/office/crear-y-agregar-una-firma-a-los-mensajes-8ee5d4f4-68fd-464a-a1c1-0e1c80bb27f2)**.**	CHATBOT_outlook		[]	False	[]	4004
¿Como agregar una Firma a un correo electronico de Outlook? | adjuntar firma, insertar firma.	Para poder agregar una firma a un correo Electrónico debemos seguir los siguientes pasos:\n\n*   Al **abrir** un nuevo mensaje de correo o al responder un mensaje de correo electrónico de Outlook.\n*   En el panel superior al centro de la ventana aparecen varias **opciones**.\n*   Elija **Firma** y, a continuación, elija la firma en base al nombre de esta que tenga identificado.\n*   En la ventana del correo electrónico nos aparecerá nuestra **Firma** en la parte del cuerpo del correo donde podremos ver nuestros datos de contacto a si como logotipos de la empresa y avisos de privacidad, esto con el fin de que las personas quienes reciban nuestros correos tengan a la mano esta información.\n\n**Nota**: Si aún no crea una Firma para su correo electrónico favor de consultar **¿Como crear una firma de correo electrónico en Outlook?**\n\n**Para obtener más información, consulte**\n\n[Crear y agregar una firma de mensaje de correo electrónico](https://support.microsoft.com/es-es/office/crear-y-agregar-una-firma-a-los-mensajes-8ee5d4f4-68fd-464a-a1c1-0e1c80bb27f2)**.**	CHATBOT_outlook		[]	False	[]	4005
¿Cuales son las diferencias de Responder, Responder a todos y Reenviar un correo Electronico? | mail email e-mail	*   **Responder** es cuando se escribe un mensaje a la persona que nos ha mandado el correo (que es sólo una).\n*   Existe la variante **Responder a todos**, que pone como destinatarios tanto al que lo envía como a quienes estaban en el campo **CC**.\n*   **Reenviar** (o remitir) es pasar este correo a una tercera persona, que verá quién era el origen y destinatario original, junto con el cuerpo del mensaje. De forma opcional se puede añadir más texto al mensaje o borrar los encabezados e incluso el cuerpo (o parte de él) de anteriores envíos del mensaje.\n\n**Para obtener más información, consulte**\n\n[Responder, Responder a todos o reenviar un mensaje de correo electrónico](https://support.microsoft.com/es-es/office/responder-o-reenviar-un-mensaje-de-correo-electr%C3%B3nico-a843f8d3-01b0-48da-96f5-a71f70d0d7c8)	CHATBOT_outlook		[]	False	[]	4006
¿Como Reenviar o responder o un mensaje de correo electronico? | como enviar un correo, responder un correo mail email e-mail	Para poder **Reenviar** o **Responder** un correo en Outlook siga los siguientes pasos:\n\nEn la parte superior de **opciones** o en el panel de lectura, elija Responder, Responder a todos o Reenviar.\n\nEn el cuadro **Para**, **CC**, realice una de las siguientes acciones:\n\nPara agregar un destinatario, haga **clic** en el cuadro correspondiente y escriba el nombre del destinatario.\n\nPara quitar un destinatario, haga clic en el cuadro correspondiente, elija el nombre del destinatario y, después, presione **Eliminar**.\n\n**Nota**: para conocer las diferencias de Responder o Responder a todos o Renviar un correo electrónico consulte **¿Cuáles son las diferencias de Responder, Responder a todos y Reenviar un correo Electrónico?**\n\n**Para obtener más información, consulte**\n\n[Responder o reenviar un mensaje de correo electrónico](https://support.microsoft.com/es-es/office/responder-o-reenviar-un-mensaje-de-correo-electr%C3%B3nico-a843f8d3-01b0-48da-96f5-a71f70d0d7c8)**.**	CHATBOT_outlook		[]	False	[]	4007
¿Como poder agregar datos adjuntos a un mensaje de correo electronico? | cargar datos, adjuntar datos, insertar datos adjuntos mail email e-mail	Para **compartir** un archivo, puede adjuntarlo al mensaje. También puede adjuntar otros datos, como mensajes, contactos o tareas.\n\n1.  **Cree** un mensaje nuevo o **elija** un mensaje existente y elija **Responder**, **Responder a todos** o **Reenviar**.\n2.  En la ventana del mensaje en la parte superior izquierda, elija **Mensaje** > **Adjuntar archivo**.\n\nEn la ventana que nos despliegue nos mostrara los Elementos recientes o bien explorar sitios web o **seleccionar** un archivo local de nuestro equipo.\n\n*   **Seleccione** el archivo que desea adjuntar, podemos adjuntar de diferentes ubicaciones al mensaje de correo electrónico.\n\n**Nota**: Si adjunta un archivo como una copia, cualquier cambio que realice el destinatario no se sincronizará con la versión del archivo en OneDrive o en SharePoint.\n\n**Para obtener más información, consulte**\n\n[Adjuntar un archivo, mensaje, contacto o tarea a un mensaje de correo electrónico](https://support.microsoft.com/es-es/office/adjuntar-archivos-o-insertar-im%C3%A1genes-en-mensajes-de-correo-de-outlook-bdfafef5-792a-42b1-9a7b-84512d7de7fc)**.**	CHATBOT_outlook		[]	False	[]	4008
¿Como cargar un archivo adjunto a un mensaje de correo electronico guardado localmente en OneDrive? | cargar documento de OneDrive, adjuntar documento de OneDrive mail email e-mail	1.  En la ventana en la parte superior del centro haga clic en Adjuntar archivo > **Examinar** este equipo y elija **Explorar** sitios web.\n2.  Nos mostrará la **opción** de OneDrive y nos abrirá una ventana donde tendremos que seleccionar el archivo a cargar desde nuestro OneDrive.\n3.  Una vez seleccionado el archivo se nos cargara en nuestro correo electrónico y procederemos a poner nuestro destinatario **Para**, **CO**.\n4.  Una vez puesto el archivo o los archivos para cargar y los destinatarios daremos clic en **enviar**.\n\n**Nota**: Es posible que vea opciones como la ubicación de OneDrive de su cuenta profesional, la ubicación de OneDrive de su cuenta personal y bibliotecas de documentos para los distintos grupos a los que pertenece.\n\n**Para obtener más información, consulte**\n\n [Adjuntar un archivo, mensaje, contacto o tarea a un mensaje de correo electrónico](https://support.microsoft.com/es-es/office/adjuntar-archivos-o-insertar-im%C3%A1genes-en-mensajes-de-correo-de-outlook-bdfafef5-792a-42b1-9a7b-84512d7de7fc)**.**	CHATBOT_outlook		[]	False	[]	4009
¿Como Insertar una imagen en el cuerpo de un mensaje de correo? | cargar una imagen, adjuntar una imagen, colocar una imagen mail email e-mail	Al enviar imágenes, puede adjuntar la imagen al mensaje de correo o insertarla en el cuerpo del mensaje. Para insertar una imagen que se muestra en el cuerpo de un mensaje de correo, siga estos pasos:\n\n1.  Coloque el **cursor** en la ventana del nuevo correo electrónico donde quiere que aparezca la imagen en el mensaje.\n2.  En el panel dentro de la ventana del correo electrónico en la parte superior central de opciones, seleccione **Insertar** > **Imágenes**.\n3.  Busque en el equipo o las ubicaciones de archivos online la imagen que quiere insertar. Seleccione la imagen y luego haga clic en **Insertar**.\n4.  Para cambiar el tamaño de la imagen, arrastre los controladores de una de las cuatro esquinas hacia el centro de la imagen o fuera del centro.\n\n**Nota**: Para más información sobre cómo cambiar el tamaño de las imágenes en Outlook, vea\n\n[Reducir el tamaño de imágenes y datos adjuntos en mensajes de correo electrónico de Outlook](https://support.microsoft.com/es-es/office/reducir-el-tama%C3%B1o-de-las-im%C3%A1genes-y-los-datos-adjuntos-en-los-mensajes-de-correo-de-outlook-d0b6b6bf-3b08-4dad-a01c-533719d1c005).\n\n**Para obtener más información, consulte**\n\n[Adjuntar un archivo, mensaje, contacto o tarea a un mensaje de correo electrónico](https://support.microsoft.com/es-es/office/adjuntar-archivos-o-insertar-im%C3%A1genes-en-mensajes-de-correo-de-outlook-bdfafef5-792a-42b1-9a7b-84512d7de7fc)**.**	CHATBOT_outlook		[]	False	[]	4010
¿Como adjuntar una tarjeta de presentacion, un calendario u otro elemento de correo electronico en un mensaje de correo? | cargar una tarjeta, insertar una tarjeta cargar calendario, adjuntar calendario, cargar presentacion, adjuntar presentacion mail email e-mail	En un mensaje nuevo mensaje de correo electrónico en la parte superior central, seleccione la opción de Adjuntar elemento.\n\nElija una de las **opciones** siguientes:\n\n*   Tarjeta de presentación **Elija** una tarjeta de presentación electrónica de su lista de contactos.\n*   Calendario **Seleccione** Intervalo de fechas, Detalles y otras opciones según corresponda.\n*   Elemento de Outlook **Elija** uno o varios de los mensajes de correo de cualquiera de las carpetas de correo electrónico.\n\nSeleccione el elemento que quiere adjuntar y después haga clic en **Insertar**.\n\n**Para obtener más información, consulte**\n\n[Adjuntar un archivo, mensaje, contacto o tarea a un mensaje de correo electrónico](https://support.microsoft.com/es-es/office/adjuntar-archivos-o-insertar-im%C3%A1genes-en-mensajes-de-correo-de-outlook-bdfafef5-792a-42b1-9a7b-84512d7de7fc)**.**	CHATBOT_outlook		[]	False	[]	4011
¿Como Crear una cita de calendario de Outlook? | crealizar una cita, hacer una cita, poner una cita.	En Outlook, las citas no son lo mismo que las reuniones. Las citas son actividades que programa en el calendario que no implican invitar a otras personas o reservar recursos, como una sala de conferencias o equipamiento.\n\n1.  En la carpeta Calendario, seleccione **Nueva** cita o haga clic en **Ctrl+NU**. Desde cualquier otra carpeta, Método abreviado de teclado: Para crear una cita, presione **Ctrl+Mayús+A.**\n2.  Escriba un asunto, una ubicación, una hora de inicio y una hora de finalización.\n3.  Seleccione **Guardar & Cerrar** para guardar la cita.\n\n**Nota**: De forma predeterminada, Outlook inicia y finaliza las citas en la hora o media hora. Si quiere escribir una hora personalizada, por ejemplo, 12:22 p.m., haga clic en los campos de hora de inicio o finalización y escriba la hora exacta que necesita.\n\n**Para obtener más información, consulte**\n\n[Programar una reunión con otras personas](https://support.microsoft.com/es-es/office/programar-una-reuni%C3%B3n-con-otras-personas-5c9877bc-ab91-4a7c-99fb-b0b68d7ea94f).	CHATBOT_outlook		[]	False	[]	4012
¿Como programar una reunion en Outlook? | agendar una reunion, hacer una reunion.	**Programar una reunión**\n\nEn la bandeja de entrada, seleccione **Nuevos elementos** > **Reunión** o use la combinación de teclas **CTRL + MAYÚS + Q.**\n\n*   En el calendario, seleccione Nueva reunión o use la combinación de teclas **CTRL + MAYÚS + Q.**\n*   En un mensaje de correo electrónico en la bandeja de entrada, seleccione el botón Responder con la reunión.\n\nAgregue asistentes siguiendo uno de los siguientes procedimientos:\n\n*   En el Asistente para la programación, haga **clic** en el cuadro situado debajo de su nombre y escriba el nombre o la dirección de correo electrónico del asistente, o bien haga **clic** en el botón **Agregar Asistentes** para mostrar la libreta de direcciones.\n*   Agregue el **asunto** de la reunión, la hora de inicio y la hora de finalización y la ubicación.\n*   Una ves terminando de agregar la Hora, la Fecha, el motivo de la reunión y los asistentes, daremos clic en el botón **enviar**.\n\n**Nota**: Para ver la disponibilidad de los asistentes dentro de su organización pude ir a la pestaña de Asístete para programación situado en la parte superior de la ventana y a si podrá observar la disponibilidad de los asistentes en base a sus calendarios\n\n**Para obtener más información, consulte**\n\n[Programar una reunión con otras personas](https://support.microsoft.com/es-es/office/programar-una-reuni%C3%B3n-con-otras-personas-5c9877bc-ab91-4a7c-99fb-b0b68d7ea94f).	CHATBOT_outlook		[]	False	[]	4013
¿Como Establecer un aviso para Outlook?  | crear aviso, poner aviso, colocar aviso.	Los avisos emergentes se abren en una ventana de alerta para que no se pierda una fecha límite importante. Puede establecer o quitar avisos para casi cualquier cosa en Outlook, incluidos los mensajes de correo electrónico, las citas y los contactos.\n\nPara citas o reuniones\n\n*   Abra una cita o reunión y, a continuación, en el cuadro de lista **Aviso**, elija la cantidad de tiempo antes de la cita o reunión cuando desee que aparezca el aviso. Para desactivar un aviso, elija **Ninguno**.\n\nPara mensajes de correo electrónico, contactos y tareas\n\n*   **Elija Seguimiento > Agregar aviso**.\n\n**Sugerencia**: Puede marcar rápidamente mensajes de correo electrónico como tareas pendientes mediante los avisos. Estos avisos hacen que el mensaje aparezca en la lista de To-Do y en la carpeta Tareas, pero no agrega automáticamente un aviso. Haga clic con el botón secundario en la marca de la lista de mensajes para agregar un aviso. O bien, si tiene el mensaje abierto, elija **Seguimiento > Agregar aviso**.\n\n**Para obtener más información, consulte**\n\n[Programar avisos en Outlook](https://support.microsoft.com/es-es/office/tareas-b%C3%A1sicas-en-outlook-192eb102-2ee2-4049-b7f5-aa0eb4231fbb)	CHATBOT_outlook		[]	False	[]	4014
¿Como abrir datos adjuntos en un mensaje de correo electronico? | visualizar datos adjuntos, ver datos adjuntos attach file files attachment atachados attachados	Puede abrir datos adjuntos desde el panel de lectura o desde un mensaje abierto. Después de abrir y ver el dato adjunto, puede guardarlo. Si un mensaje contiene más de un dato adjunto, puede guardarlo como un grupo o de uno en uno.\n\n**Abrir datos adjuntos**\n\n*   Haga doble **clic** en los datos adjuntos que se encuentran dentro del correo electrónico que desea guardar, ya sea un archivo de Excel, Word, Power Point, Imagen, PDF. Etc.\n*   Una vez abierto el archivo con la aplicación correspondiente podrá hacer uso del archivo adjunto o realizar tareas como, guardar, copiar, duplicar etc. etc. dependiendo de las opciones de esta aplicación con la que se abrió su archivo.\n*   Una ves que cierre la aplicación donde visualizo su documento volverá a la pantalla de correo de Outlook.\n\n**Para obtener más información, consulte**\n\n[Abrir datos adjuntos](https://support.microsoft.com/es-es/office/abrir-o-guardar-datos-adjuntos-92f87f3f-1085-425a-87f6-08d43c19b43d).	CHATBOT_outlook		[]	False	[]	4015
¿Como guardar datos adjuntos que vienen dentro del correo electronico? | extraer los datos, sacar los datos download descargar bajar	1.  **Elija** y abra el correo donde están los datos adjuntos que desea guardar.\n2.  Al abrir el mensaje seleccione el archivo y de **clic** en ⌵ (Mas Opciones), para ver las opciones del documento.\n\nSeleccione una de las opciones:\n\n*   **Guardar como** (Con esta opción podrá guardar su documento en su equipo Local)\n*   **Guardar Todos los Datos Adjuntos** (Esta opción generar un archivo comprimido con el o los archivos que están en el correo electrónico a guardar.)\n*   Una vez Seleccionado la opción nos pedirá seleccionar la ruta de donde se nos guardará el o los archivos que deseamos.\n*   Seleccionamos la ruta y damos **clic** en **guardar**. \n\n**Para obtener más información, consulte** \n\n[Guardar datos adjuntos](https://support.microsoft.com/es-es/office/abrir-o-guardar-datos-adjuntos-92f87f3f-1085-425a-87f6-08d43c19b43d).	CHATBOT_outlook		[]	False	[]	4016
¿Como crear un contacto de Outlook? | añadir un contacto, hacer un contacto.	Un contacto puede ser tan sencillo como un nombre y direcciones de correo electrónico, o puede incluir, por ejemplo, detalles como direcciones de calle, varios números de teléfono, una imagen y cumpleaños. Encontrará sus contactos en la opción Contactos en la barra de métodos abreviados en la esquina inferior izquierda de la Outlook ventana.\n\n*   En Contactos, elija **Nuevo contacto.**\n\n(Método abreviado de teclado: Para crear un contacto desde cualquier carpeta de Outlook, presione **Ctrl+Mayús+C**.)\n\n*   Llene la información del contacto que desea agregar como, Nombre, Apellido, Teléfono, Correo electrónico, Dirección…\n*   Una ves lleno los datos que deseemos seleccionamos guardar y el contacto se agregara a nuestra lista de Personas.\n\n**Para obtener más información, consulte**\n\n[Crear o agregar un contacto](https://support.microsoft.com/es-es/office/agregar-un-contacto-e1dc4548-3bd6-4644-aecd-47b5728f7b0d).	CHATBOT_outlook		[]	False	[]	4017
¿Para que sirve Microsoft OneDrive? | cual es la finalidad cuando usar OneDrive caracteristicas herramienta MS OneDrive One Drive	OneDrive es el servicio en la nube de Microsoft que lo conecta a todos los archivos. Algunas características destacadas son las siguientes:\n\n*   Acceda y edite sus archivos desde todos sus dispositivos.\n*   Compártalos dentro o fuera de su organización.\n*   Trabaje conjuntamente en tiempo real en documentos de Office.\n*   Encuentre rápidamente los archivos que le importan.\n*   Mantenga los archivos protegidos y con una copia de seguridad.\n\nSi desea saber más sobre las características de Microsoft OneDrive, [haga clic aquí](https://support.microsoft.com/es-es/office/%C2%BFqu%C3%A9-es-onedrive-profesional-o-educativo-10f5c3fd-b0f6-40e2-9059-04735ffe01b7?wt.mc_id=otc_onedrive).	CHATBOT_onedrive		[]	False	[]	5000
¿Como comienzo a utilizar Microsoft OneDrive? | como empiezo a usar como inicio con el uso iniciar sesion session loguearse login log in abrir MS OneDrive One Drive	Para comenzar a usar Microsoft OneDrive siga estos pasos:\n\n**En el navegador**\n\n1.  Ingrese a **office.com**\n2.  Inicie sesión con su email y contraseña de Microsoft 365.\n3.  Luego, haga clic en el icono de la esquina superior izquierda de la página, compuesto por nueve puntos.\n4.  En el menú que se despliega, haga clic en la aplicación de **OneDrive.**\n\n**En Windows 10**\n\n1.  Haga clic en el icono de Windows que se encuentra en el borde inferior izquierdo de la pantalla.\n2.  Se abrirá un menú, y se le habilitará la posibilidad de usar la barra de búsqueda, en ella escriba **onedrive.**\n3.  En el menú que se había abierto, verá los resultados de su búsqueda, haga clic sobre la aplicación **OneDrive.**\n4.  Inicie sesión con su email y contraseña de Microsoft 365.\n5.  Complete la configuración presionando en **siguiente** en todas las pantallas que lo requiera.\n6.  Abra el explorador de archivos de Windows.\n7.  En la barra lateral izquierda del explorador de archivos, verá la carpeta **OneDrive – Nombre de su empresa.** Lo que coloque en esa carpeta, estará alojado en OneDrive.\n\nPara saber más sobre el iniciar sesión en el navegador, [haga clic aquí](https://support.microsoft.com/es-es/office/cargue-y-guarde-archivos-y-carpetas-en-onedrive-a1397e56-61ec-4ed2-9dac-727bf8ac3357). Mientras que para saber más detalladamente cómo empezar en Windows 10, [ingrese aquí](https://support.microsoft.com/es-es/office/sincronizar-archivos-con-onedrive-en-windows-615391c4-2bd3-4aae-a42a-858262e42a49).	CHATBOT_onedrive		[]	False	[]	5001
¿Que sabes sobre Microsoft OneDrive? | ayuda ayudarme responderme soporte que puedes decirme podes conoces cual es tu conocimiento MS OneDrive One Drive	Puedo ayudarte a conocer como usar **Microsoft OneDrive**. Prueba preguntarme cosas cómo:\n\n*   ¿Como comienzo a utilizar Microsoft OneDrive?\n*   ¿Como cargar archivos o carpetas en Microsoft OneDrive?\n*   ¿Como compartir archivos o carpetas en Microsoft OneDrive?\n*   ¿Como crear un nuevo documento desde Microsoft OneDrive?\n*   ¿Como ahorrar espacio de mi disco en Microsoft OneDrive?\n*   ¿Como recupero un archivo eliminado en Microsoft OneDrive?\n*   ¿Como elegir que carpetas mantener sincronizadas en Microsoft OneDrive?\n\nEsos son algunos ejemplos de acciones en las que puedo guiarte. Pero intenta preguntarme por lo que gustes, **aunque no figuren en esta lista**.	CHATBOT_onedrive		[]	False	[]	5002
¿Como cargar archivos o carpetas en Microsoft OneDrive? | subir documentos file folder enviar MS OneDrive One Drive Como cargar archivo o carpeta en Microsoft OneDrive upload uplodear uploadear	Para cargar archivos o carpetas en Microsoft OneDrive haga lo siguiente:\n\n**En el navegador**\n\n1.  En la parte superior de la página web de OneDrive, verá una serie de botones, haga clic en el que dice **Cargar.**\n2.  Se le desplegará un pequeño menú en el que puede elegir entre subir **archivos** o **carpetas.** Haga clic en el que desee.\n3.  Luego, se habrá abierto una ventana para navegar por los archivos y carpetas de su disco, seleccione lo que desea.\n4.  Una vez hecha la selección, presione en el botón **Cargar.**\n\n**En Windows 10**\n\n1.  Abra el explorador de archivos de Windows.\n2.  En la barra lateral izquierda del explorador de archivos, verá la carpeta **OneDrive – Nombre de su empresa.** Lo que coloque en esa carpeta, estará alojado en OneDrive.\n\nPara saber más sobre cómo cargar archivos o carpetas, [haga clic aquí](https://support.microsoft.com/es-es/office/cargue-y-guarde-archivos-y-carpetas-en-onedrive-a1397e56-61ec-4ed2-9dac-727bf8ac3357).	CHATBOT_onedrive		[]	False	[]	5003
¿Como compartir archivos o carpetas en Microsoft OneDrive? | colaborar con la edicion de documentos ver visualizar mirar edicion editar colaborativamente MS OneDrive One Drive Como compartir archivo o carpeta en Microsoft OneDrive share sharing sharear file files folder folders	Para compartir archivos o carpetas en Microsoft OneDrive, siga estos pasos:\n\n**En el navegador**\n\n1.  En la parte central de la página web de OneDrive, verá todos sus archivos y carpetas. Pose el puntero del ratón sobre el que desee.\n2.  A la derecha del nombre del archivo, habrá un icono de una flecha, haga clic en el.\n3.  Se abrirá un menú en el cual podrá agregar a todas las personas que desee compartir archivo / carpeta, además, podrá elegir si esas personas pueden ver y/o editar el contenido.\n4.  Una vez que haya agregado a todas las personas que desee, presione el botón **Enviar,** que se encuentra dentro de ese menú.\n\n**En Windows 10**\n\n1.  Abra el explorador de archivos de Windows.\n2.  En la barra lateral izquierda del explorador de archivos, verá la carpeta **OneDrive – Nombre de su empresa.** Haga clic en ella.\n3.  Una vez dentro de ella, haga clic derecho sobre el archivo / carpeta que desee.\n4.  Se abrirá un menú , haga clic en la opcion de **Compartir** acompañada por el icono de OneDrive.\n5.  Dentro de la ventana que se abre, agregue a todas las personas con las cuales quiere compartir este archivo / carpeta.\n6.  Cuando termine, presione el botón **Enviar,** en la parte inferior derecha de esa ventana.\n\nNota: Luego de estos pasos, se enviará un mail a las personas que haya agregado, notificando que ahora tienen acceso a ese archivo / carpeta.\n\nPara saber más sobre cómo compartir archivos o carpetas, [haga clic aquí](https://support.microsoft.com/es-es/office/colaborar-en-onedrive-d8a2a19a-e306-4ca5-9b00-19b0e96890d6).\n\nSi desea saber cómo acceder a la pagina web de su OneDrive, pregunte en este chat: **¿Como comienzo a utilizar Microsoft OneDrive?**	CHATBOT_onedrive		[]	False	[]	5004
¿Como crear un nuevo documento desde Microsoft OneDrive? | creacion archivos generar file MS OneDrive One Drive Como crear nuevos documentos desde Microsoft OneDrive new file new doc new document	Para crear un nuevo documento desde Microsoft OneDrive, haga lo siguiente: \n\n**En el navegador** \n\n1.  En la parte superior de la página web de OneDrive, verá el botón **Nuevo,** haga clic en el. \n2.  Se desplegará un menú en el cual podrá elegir que tipo de archivo crear, puede ser de word, excel, etc. Haga clic sobre el que desee. \n3.  Luego, se le abrirá la pagina web propia de la herramienta que eligió y podrá comenzar a trabajar en su nuevo archivo, el cual estará alojado en su OneDrive. \n\n**En Windows 10** \n\n1.  Trabaje un archivo en la aplicación que desee, al guardarlo, seleccione la carpeta de **OneDrive – Nombre de su empresa.** \n\nPara saber más sobre como crear un nuevo documento desde OneDrive, [haga clic aquí](https://support.microsoft.com/es-es/office/crear-un-documento-desde-onedrive-profesional-o-educativo-4c54ddbf-e112-4165-b855-049e7dfec340). \n\nSi desea saber cómo acceder a la pagina web de su OneDrive, pregunte en este chat: **¿Como comienzo a utilizar Microsoft OneDrive?**	CHATBOT_onedrive		[]	False	[]	5005
¿Cómo realizar copias de seguridad de las carpetas de mi computadora con Microsoft Onedrive? | copiar clonar resguardar asegurar respaldar MS OneDrive One Drive Como realizar copia de seguridad de la carpeta de la computadora en Microsoft OneDrive backup backupear mis carpetas	Para realizar copias de seguridad de sus carpetas en Microsoft OneDrive, siga estos pasos:\n\n**En Windows 10**\n\n1.  Haga clic en el icono de la nube que se encuentra en el extremo derecho de su barra de tareas de Windows.\n2.  Se abrirá un menú, en la esquina inferior derecha del mismo, verá el botón **Ayuda y configuración,** haga clic en el.\n3.  En el menú que aparece, haga clic sobre **Configuración.**\n4.  Luego, verá que se abrió una ventana, la cual tiene algunas secciones, haga clic en la pestaña de **Copia de seguridad.**\n5.  Posteriormente, haga clic en el botón **Administrar copias de seguridad,** que verá al comienzo del contenido de esa sección.\n6.  Se le abrirá una nueva ventana en la cual podrá seleccionar las carpetas que desea incluir en la copia. Haga clic sobre las que desee.\n7.  Una vez hecho eso, haga clic sobre el botón **Iniciar copia de seguridad,** que se encuentra en el borde inferior derecho de esa ventana.\n\nPara saber más sobre como hacer copias de seguridad de sus carpetas en OneDrive, [haga clic aquí](https://support.microsoft.com/es-es/office/realizar-copias-de-seguridad-de-sus-documentos-im%C3%A1genes-y-carpetas-del-escritorio-con-onedrive-d61a7930-a6fb-4b95-b28a-6552e77c3057).	CHATBOT_onedrive		[]	False	[]	5006
¿Como ahorrar espacio de mi disco en Microsoft OneDrive? | ahorrar espacio en el disco liberar MS OneDrive One Drive Como ahorrar espacios de mis discos en Microsoft OneDrive free	Para ahorrar espacio en disco con Microsoft OneDrive, disponemos de una funcionalidad llamada **Archivos a petición,** la cual nos descargará un archivo solo cuando lo necesitemos, para activarla haga lo siguiente:\n\n**En Windows 10**\n\n1.  Haga clic en el icono de la nube que se encuentra en el extremo derecho de su barra de tareas de Windows.\n2.  Se abrirá un menú, en la esquina inferior derecha del mismo, verá el botón **Ayuda y configuración,** haga clic en el.\n3.  En el menú que aparece, haga clic sobre **Configuración.**\n4.  Luego, verá que se abrió una ventana, la cual tiene algunas secciones, haga clic en la pestaña de **Configuración.**\n5.  Dentro de esa sección, debe marcar la casilla que dice **Ahorrar espacio y descargar archivos a medida que se usan.**\n\nPara saber más sobre cómo ahorrar espacio de su disco, [haga clic aquí](https://support.microsoft.com/es-es/office/ahorre-espacio-en-disco-con-archivos-a-petici%C3%B3n-de-onedrive-para-windows-10-0e6860d3-d9f3-4971-b321-7092438fb38e).	CHATBOT_onedrive		[]	False	[]	5007
¿Como recupero un archivo eliminado en Microsoft OneDrive? |  recuperar restaurar borrado restablecer MS OneDrive One Drive Como recupero archivos eliminados en Microsoft OneDrive restore restorear	Para recuperar un archivo eliminado en Microsoft OneDrive debe hacer lo siguiente:\n\n**En el navegador**\n\n1.  En la parte izquierda de la pagina web de OneDrive verá el panel de navegación. Haga clic sobre **Papelera de reciclaje.**\n2.  Luego, en la parte central de la página, verá el listado de los archivos que eliminó. Pose el puntero del ratón sobre el que desee recuperar.\n3.  Verá que a la izquierda del nombre del archivo / carpeta, aparecerá un circulo, haga clic sobre el.\n4.  Luego, en la parte superior de la página, haga clic en el botón **Restaurar.**\n\n**En Windows 10**\n\n1.  Si eliminó un archivo que estaba dentro de su carpeta de OneDrive, debe abrir la papelera de reciclaje tradicional de Windows.\n2.  Luego, encontrará dicho archivo dentro de la misma, haga clic con el botón derecho sobre el.\n3.  En el menú que se abre, haga clic en la opción **Restaurar.**\n\nPara saber más sobre cómo recuperar un archivo eliminado, [haga clic aquí](https://support.microsoft.com/es-es/office/restaurar-archivos-eliminados-o-carpetas-en-onedrive-949ada80-0026-4db3-a953-c99083e6a84f).\n\nSi desea saber cómo acceder a la pagina web de su OneDrive, pregunte en este chat: **¿Como comienzo a utilizar Microsoft OneDrive?**	CHATBOT_onedrive		[]	False	[]	5008
¿Como elimino definitivamente un archivo en Microsoft OneDrive? | eliminar borrar botar MS OneDrive One Drive Como elimino definitivamente archivos en Microsoft OneDrive delete deletear remove 	Para eliminar definitivamente un archivo en Microsoft OneDrive que ya borró previamente, debe hacer lo siguiente:\n\n**En el navegador**\n\n1.  En la parte izquierda de la pagina web de OneDrive verá el panel de navegación. Haga clic sobre **Papelera de reciclaje.**\n2.  Luego, en la parte central de la página, verá el listado de los archivos que eliminó. Pose el puntero del ratón sobre el que desee recuperar.\n3.  Verá que a la izquierda del nombre del archivo / carpeta, aparecerá un circulo, haga clic sobre el.\n4.  Luego, en la parte superior de la página, haga clic en el botón **Eliminar.**\n\n**En Windows 10**\n\nSi elimina un archivo de OneDrive desde el explorador de archivos, aunque luego vacíe la papelera de reciclaje del sistema, deberá hacer el proceso que figura **En el navegador** para eliminar ese archivo definitivamente.\n\nPara saber más sobre cómo eliminar definitivamente un archivo, [haga clic aquí](https://support.microsoft.com/es-es/office/eliminar-archivos-o-carpetas-en-onedrive-21fe345a-e488-4fa7-932b-f053c1bebe8a).\n\nSi desea saber cómo acceder a la pagina web de su OneDrive, pregunte en este chat: **¿Como comienzo a utilizar Microsoft OneDrive?**	CHATBOT_onedrive		[]	False	[]	5009
¿Como restaurar Microsoft OneDrive a un punto anterior? | restablecer regenerar recuperar punto anterior ataque malware infeccion borrado masivo accidental MS OneDrive One Drive restauro restore restorear restoreo	Para restaurar su Microsoft OneDrive a un estado anterior, siga estos pasos:\n\n**En el navegador**\n\n1.  En la parte superior derecha de la pagina web de OneDrive, verá un icono de una rueda de engranaje, haga clic en el.\n2.  Se desplegará un menú, en el cual figura la opción **Restaurar OneDrive,** haga clic en ella.\n3.  Luego, encontrará un selector de opciones, entre las cuales dispone, restaurar OneDrive al estado de distintos momentos anteriores. Seleccione el que desee.\n4.  Una vez hecha esa selección. Presione en el botón **Restaurar** que se encuentra debajo del selector de tiempo.\n\nPara saber más sobre cómo restaurar OneDrive a un punto anterior, [haga clic aquí](https://support.microsoft.com/es-es/office/restaurar-su-onedrive-3bd43b2b-be98-48a8-a866-878e91263d01).\n\nSi desea saber cómo acceder a la pagina web de su OneDrive, pregunte en este chat: **¿Como comienzo a utilizar Microsoft OneDrive?**	CHATBOT_onedrive		[]	False	[]	5010
¿Como agregar una nueva cuenta en Microsoft OneDrive? | cuentas paralelo multiples varias otra MS OneDrive One Drive Como agregar nuevas cuentas en Microsoft OneDrive new account	Para agregar otra cuenta profesional de Microsoft OneDrive, haga lo siguiente: \n\n**En Windows 10** \n\n1.  Haga clic en el icono de la nube que se encuentra en el extremo derecho de su barra de tareas de Windows. \n2.  Se abrirá un menú, en la esquina inferior derecha del mismo, verá el botón **Ayuda y configuración,** haga clic en el. \n3.  En el menú que aparece, haga clic sobre **Configuración.** \n4.  Luego, verá que se abrió una ventana, la cual tiene algunas secciones, haga clic en la pestaña de **Cuentas.** \n5.  Una vez ahí, haga clic en el botón **Agregar una cuenta.** \n6.  Inicie sesión con su email y contraseña de Microsoft 365. \n7.  Complete la configuración presionando en **siguiente** en todas las pantallas que lo requiera. \n\nNota: Una vez hechos estos pasos. En su explorador de archivos podrá encontrar las carpetas de sus dos o más cuentas de OneDrive. \n\nPara saber más sobre cómo agregar una nueva cuenta, [haga clic aquí](https://support.microsoft.com/es-es/office/c%C3%B3mo-agregar-una-cuenta-en-onedrive-31b59063-5a94-4847-b846-c13b9e7635e2).	CHATBOT_onedrive		[]	False	[]	5011
¿Como dejar de compartir un archivo en Microsoft OneDrive? | restringir modificar alterar acceso MS OneDrive One Drive Como dejar de compartir archivos en Microsoft OneDrive stop stopear sharing share	Para dejar de compartir un archivo en Microsoft OneDrive, siga estos pasos:\n\n**En el navegador**\n\n1.  En la parte central de la página web de OneDrive, verá todos sus archivos y carpetas. Haga clic derecho sobre el que desee.\n2.  En el menú que se despliega, haga clic sobre la opción **Administrar acceso.**\n3.  A la derecha de la página, verá que se desplegó una columna, si ya está compartiendo con alguien el archivo, verá en esa columna la opción **Dejar de compartir.** Haga clic en ella.\n4.  Se abrirá un cuadro de dialogo que le pedirá confirmación. Haga clic en el botón **Dejar de compartir.**\n\n**En Windows 10**\n\n1.  Abra el explorador de archivos de Windows.\n2.  En la barra lateral izquierda del explorador de archivos, verá la carpeta **OneDrive – Nombre de su empresa.** Haga clic en ella.\n3.  Una vez dentro de ella, haga clic derecho sobre el archivo / carpeta que desee.\n4.  Se abrirá un menú con una serie de opciones, una de ellas será propia de OneDrive y se llama **Compartir.** Haga clic en ella.\n5.  Podrá ver una nueva ventana emergente. Haga clic en el icono de tres puntos que se encuentra en la esquina superior derecha de la misma.\n6.  Se desplegará un pequeño menú. Haga clic en la opción **Administrar acceso.**\n7.  Verá una nueva ventana con todos los accesos que haya otorgado, a la derecha de cada uno de ellos, hay un icono de tres puntos, haga clic en el.\n8.  Una vez dentro de ese acceso especifico, puede hacer clic sobre el icono de la **‘X’** para eliminarlo.\n\nPara saber más sobre cómo dejar de compartir un archivo, [haga clic aquí](https://support.microsoft.com/es-es/office/dejar-de-compartir-archivos-o-carpetas-de-onedrive-o-sharepoint-o-cambiar-los-permisos-0a36470f-d7fe-40a0-bd74-0ac6c1e13323).\n\nSi desea saber cómo acceder a la pagina web de su OneDrive, pregunte en este chat: **¿Como comienzo a utilizar Microsoft OneDrive?**	CHATBOT_onedrive		[]	False	[]	5012
¿Como elegir que carpetas mantener sincronizadas en Microsoft OneDrive? | sincronizar actualizada folders MS OneDrive One Drive Como elegir que carpeta mantener sincronizada en Microsoft OneDrive sync synquear sinquear	Para elegir que carpetas mantener sincronizadas en Microsoft OneDrive, haga lo siguiente:\n\n**En Windows 10**\n\n1.  Haga clic en el icono de la nube que se encuentra en el extremo derecho de su barra de tareas de Windows.\n2.  Se abrirá un menú, en la esquina inferior derecha del mismo, verá el botón **Ayuda y configuración,** haga clic en el.\n3.  En el menú que aparece, haga clic sobre **Configuración.**\n4.  Luego, verá que se abrió una ventana, la cual tiene algunas secciones, haga clic en la pestaña de **Cuentas.**\n5.  Una vez en ella, haga clic en el botón **Elegir carpetas.**\n6.  En esa nueva ventana, marque las carpetas que le interesa que se mantengan sincronizadas.\n7.  Luego, haga clic en el botón **OK.**\n\nPara saber más sobre cómo elegir que carpetas mantener sincronizadas, [haga clic aquí](https://support.microsoft.com/es-es/office/elegir-qu%C3%A9-carpetas-de-onedrive-se-sincronizar%C3%A1n-con-su-equipo-98b8b011-8b94-419b-aa95-a14ff2415e85).	CHATBOT_onedrive		[]	False	[]	5013
¿Como soluciono los problemas de sincronización de Microsoft OneDrive? | error solucionar arreglar reparar MS OneDrive One Drive Como soluciono el problema de sincronizacion de Microsoft OneDrive	Hay diferentes situaciones que pueden estar generando un problema de sincronización de Microsoft OneDrive, cada una de ellas tendrá un icono distinto, con su propio abordaje para ser resuelto. Para conocer más detalles, [haga clic aquí](https://support.microsoft.com/es-es/office/solucionar-problemas-de-sincronizaci%c3%b3n-de-onedrive-0899b115-05f7-45ec-95b2-e4cc8c4670b2?redirectSourcePath=%252fes-es%252foffice%252f83ab0d8a-8400-45b0-8dcf-dc8aa8a6bcf8&ui=es-ES).	CHATBOT_onedrive		[]	False	[]	5014
¿Como guardar capturas de pantalla automaticamente en Microsoft OneDrive? | salvar screenshot screen shot imagen print MS OneDrive One Drive Como guardar captura de pantalla automaticamente en Microsoft OneDrive save	Para guardar automáticamente las capturas de pantalla en Microsoft OneDrive, siga estos pasos:\n\n**En Windows 10**\n\n1.  Haga clic en el icono de la nube que se encuentra en el extremo derecho de su barra de tareas de Windows.\n2.  Se abrirá un menú, en la esquina inferior derecha del mismo, verá el botón **Ayuda y configuración,** haga clic en el.\n3.  En el menú que aparece, haga clic sobre **Configuración.**\n4.  Luego, verá que se abrió una ventana, la cual tiene algunas secciones, haga clic en la pestaña de **Copia de seguridad.**\n5.  Entre las opciones de esa sección, marque la que dice **Guardar capturas de pantalla automáticamente en OneDrive.**\n6.  Haga clic en el botón **Aceptar,** ubicado abajo a la derecha de la ventana.\n\nPara saber más sobre cómo guardar capturas de pantalla automáticamente en OneDrive, [haga clic aquí](https://support.microsoft.com/es-es/office/elegir-qu%C3%A9-carpetas-de-onedrive-se-sincronizar%C3%A1n-con-su-equipo-98b8b011-8b94-419b-aa95-a14ff2415e85).	CHATBOT_onedrive		[]	False	[]	5015
