{
  "$schema": "http://adaptivecards.io/schemas/adaptive-card.json",
  "type": "AdaptiveCard",
  "version": "1.2",
  "body": [
    {
      "type": "ColumnSet",
      "columns": [
        {
          "type": "Column",
          "width": "auto",
          "items": [
            {
              "type": "Image",
              "url": "$(blobUrl)/card-logo.jpg"
            }
          ],
          "verticalContentAlignment": "Center"
        }
      ]
    },
    {
      "type": "TextBlock",
      "wrap": true,
      "text": "$(answer)",
      "separator": true
    },
    {
      "type": "ColumnSet",
      "columns": [
        {
          "type": "Column",
          "items": [
            {
              "type": "TextBlock",
              "text": "$(reportMsg)",
              "isSubtle": true,
              "wrap": true,
              "spacing": "Small",
              "size": "Small"
            }
          ],
          "width": "stretch"
        },
        {
          "type": "Column",
          "items": [
            {
              "type": "ActionSet",
              "actions": [
                {
                  "type": "Action.Submit",
                  "title": "Reportar",
                  "data": {
                    "question": "$(question)",
                    "answer": "$(answer)"
                  },
                  "style": "destructive"
                }
              ]
            }
          ],
          "width": "auto"
        }
      ],
      "separator": true
    }
  ]
}